{
  "name": "@extend-chrome/ts-react-boilerplate",
  "version": "1.0.0",
  "private": true,
  "description": "Chrome extension boilerplate with TypeScript and React",
  "keywords": [
    "chrome-extension",
    "web-extension",
    "typescript",
    "react",
    "rollup",
    "boilerplate"
  ],
  "homepage": "https://github.com/extend-chrome/ts-react-boilerplate#readme",
  "bugs": {
    "url": "https://github.com/extend-chrome/ts-react-boilerplate/issues"
  },
  "repository": {
    "type": "git",
    "url": "git+https://github.com/extend-chrome/ts-react-boilerplate.git"
  },
  "license": "MIT",
  "author": "Jack Steam<jacksteamdev@gmail.com>",
  "scripts": {
    "build": "rollup -c",
    "release": "cross-env NODE_ENV=production rollup -c",
    "start": "rollup -c -w",
    "test": "jest"
  },
  "dependencies": {
    "@rollup/plugin-replace": "^3.0.0",
    "react": "^17.0.2",
    "react-dom": "^17.0.2",
    "webextension-polyfill": "^0.8.0"
  },
  "devDependencies": {
    "@rollup/plugin-alias": "^3.1.8",
    "@rollup/plugin-commonjs": "^21.0.1",
    "@rollup/plugin-node-resolve": "^13.0.6",
    "@rollup/plugin-typescript": "^8.3.0",
    "@types/chrome": "^0.0.164",
    "@types/firefox-webext-browser": "^94.0.0",
    "@types/react": "^17.0.35",
    "@types/react-dom": "^17.0.11",
    "@typescript-eslint/eslint-plugin": "^5.4.0",
    "@typescript-eslint/parser": "^5.4.0",
    "cross-env": "^7.0.3",
    "eslint": "^8.2.0",
    "eslint-plugin-react": "^7.27.0",
    "rollup": "^2.60.0",
    "rollup-plugin-chrome-extension": "^3.6.5",
    "rollup-plugin-empty-dir": "^1.0.5",
    "rollup-plugin-zip": "^1.0.3",
    "tslib": "^2.3.1",
    "typescript": "^4.5.2",
    "@types/jest": "^27.0.2",
    "jest": "^27.3.1",
    "jest-chrome": "^0.7.2",
    "ts-jest": "^27.0.7"
  }
}
